{
  "0": {
    "objects": [
      {
        "name": "cube_1",
        "type": "box",
        "position": {
          "x": -0.7396584257589236,
          "y": 2.824931737725347,
          "z": -1.74108921599047
        },
        "rotation": {
          "x": 0,
          "y": 0,
          "z": 0
        },
        "scale": {
          "x": 1,
          "y": 1,
          "z": 1
        },
        "color": "#261fd3"
      },
      {
        "name": "sphere_2",
        "type": "sphere",
        "position": {
          "x": 0.1502708404453068,
          "y": 3.3790397169086246,
          "z": 2.96732090813156
        },
        "rotation": {
          "x": 0,
          "y": 0,
          "z": 0
        },
        "scale": {
          "x": 1,
          "y": 1,
          "z": 1
        },
        "color": "#d8ae5a"
      }
    ]
  }
}